timestamp,pubkey,score,latency,sync_diff,success_rate
2026-04-01 15:12:42,FwR3PbjS5iyqzLiLugrBqKSa5EKZ4vK9SKs7eQXtT59f,91.0,110,0,100.0
2026-04-01 15:12:31,FwR3PbjS5iyqzLiLugrBqKSa5EKZ4vK9SKs7eQXtT59f,90.35,136,0,100.0
2026-04-01 15:12:20,FwR3PbjS5iyqzLiLugrBqKSa5EKZ4vK9SKs7eQXtT59f,90.72,121,0,100.0
2026-04-01 15:12:09,FwR3PbjS5iyqzLiLugrBqKSa5EKZ4vK9SKs7eQXtT59f,90.22,141,1,100.0
2026-04-01 15:11:58,FwR3PbjS5iyqzLiLugrBqKSa5EKZ4vK9SKs7eQXtT59f,90.4,134,0,100.0
2026-04-01 15:11:46,FwR3PbjS5iyqzLiLugrBqKSa5EKZ4vK9SKs7eQXtT59f,91.2,102,1,100.0
2026-04-01 15:11:35,FwR3PbjS5iyqzLiLugrBqKSa5EKZ4vK9SKs7eQXtT59f,90.08,147,1,100.0
2026-04-01 15:11:24,FwR3PbjS5iyqzLiLugrBqKSa5EKZ4vK9SKs7eQXtT59f,90.92,113,0,100.0
2026-04-01 15:11:13,FwR3PbjS5iyqzLiLugrBqKSa5EKZ4vK9SKs7eQXtT59f,90.22,141,0,100.0
2026-04-01 15:11:02,FwR3PbjS5iyqzLiLugrBqKSa5EKZ4vK9SKs7eQXtT59f,90.38,135,0,100.0
2026-04-01 15:10:50,FwR3PbjS5iyqzLiLugrBqKSa5EKZ4vK9SKs7eQXtT59f,90.03,149,0,100.0
2026-04-01 15:10:39,FwR3PbjS5iyqzLiLugrBqKSa5EKZ4vK9SKs7eQXtT59f,90.17,143,0,100.0
2026-04-01 15:10:28,FwR3PbjS5iyqzLiLugrBqKSa5EKZ4vK9SKs7eQXtT59f,90.2,142,1,100.0
2026-04-01 15:10:17,FwR3PbjS5iyqzLiLugrBqKSa5EKZ4vK9SKs7eQXtT59f,90.78,119,1,100.0
2026-04-01 15:10:06,FwR3PbjS5iyqzLiLugrBqKSa5EKZ4vK9SKs7eQXtT59f,90.7,122,1,100.0
2026-04-01 15:09:55,FwR3PbjS5iyqzLiLugrBqKSa5EKZ4vK9SKs7eQXtT59f,90.4,134,0,100.0
2026-04-01 15:09:44,FwR3PbjS5iyqzLiLugrBqKSa5EKZ4vK9SKs7eQXtT59f,90.0,150,0,100.0
2026-04-01 15:09:32,FwR3PbjS5iyqzLiLugrBqKSa5EKZ4vK9SKs7eQXtT59f,90.47,131,0,100.0
2026-04-01 15:09:21,FwR3PbjS5iyqzLiLugrBqKSa5EKZ4vK9SKs7eQXtT59f,90.85,116,1,100.0
2026-04-01 15:09:10,FwR3PbjS5iyqzLiLugrBqKSa5EKZ4vK9SKs7eQXtT59f,90.83,117,1,100.0
2026-04-01 15:08:59,FwR3PbjS5iyqzLiLugrBqKSa5EKZ4vK9SKs7eQXtT59f,90.0,150,0,100.0
2026-04-01 15:08:48,FwR3PbjS5iyqzLiLugrBqKSa5EKZ4vK9SKs7eQXtT59f,90.0,150,0,100.0
2026-04-01 15:08:37,FwR3PbjS5iyqzLiLugrBqKSa5EKZ4vK9SKs7eQXtT59f,90.83,117,0,100.0
2026-04-01 15:08:26,FwR3PbjS5iyqzLiLugrBqKSa5EKZ4vK9SKs7eQXtT59f,91.03,109,1,100.0
2026-04-01 15:08:15,FwR3PbjS5iyqzLiLugrBqKSa5EKZ4vK9SKs7eQXtT59f,90.4,134,0,100.0
2026-04-01 15:08:04,FwR3PbjS5iyqzLiLugrBqKSa5EKZ4vK9SKs7eQXtT59f,91.1,106,1,100.0
2026-04-01 15:07:53,FwR3PbjS5iyqzLiLugrBqKSa5EKZ4vK9SKs7eQXtT59f,90.53,129,1,100.0
2026-04-01 15:07:43,FwR3PbjS5iyqzLiLugrBqKSa5EKZ4vK9SKs7eQXtT59f,90.45,132,0,100.0
2026-04-01 15:07:31,FwR3PbjS5iyqzLiLugrBqKSa5EKZ4vK9SKs7eQXtT59f,90.35,136,0,100.0
2026-04-01 15:07:20,FwR3PbjS5iyqzLiLugrBqKSa5EKZ4vK9SKs7eQXtT59f,90.88,115,0,100.0
2026-04-01 15:07:09,FwR3PbjS5iyqzLiLugrBqKSa5EKZ4vK9SKs7eQXtT59f,90.47,131,0,100.0
2026-04-01 15:06:58,FwR3PbjS5iyqzLiLugrBqKSa5EKZ4vK9SKs7eQXtT59f,90.58,127,0,100.0
2026-04-01 15:06:47,FwR3PbjS5iyqzLiLugrBqKSa5EKZ4vK9SKs7eQXtT59f,90.47,131,0,100.0
2026-04-01 15:06:36,FwR3PbjS5iyqzLiLugrBqKSa5EKZ4vK9SKs7eQXtT59f,90.7,122,1,100.0
2026-04-01 15:06:25,FwR3PbjS5iyqzLiLugrBqKSa5EKZ4vK9SKs7eQXtT59f,90.6,126,0,100.0
2026-04-01 15:06:14,FwR3PbjS5iyqzLiLugrBqKSa5EKZ4vK9SKs7eQXtT59f,90.08,147,1,100.0
2026-04-01 15:06:03,FwR3PbjS5iyqzLiLugrBqKSa5EKZ4vK9SKs7eQXtT59f,90.85,116,1,100.0
2026-04-01 15:05:52,FwR3PbjS5iyqzLiLugrBqKSa5EKZ4vK9SKs7eQXtT59f,90.25,140,1,100.0
2026-04-01 15:05:41,FwR3PbjS5iyqzLiLugrBqKSa5EKZ4vK9SKs7eQXtT59f,90.53,129,0,100.0
2026-04-01 15:05:30,FwR3PbjS5iyqzLiLugrBqKSa5EKZ4vK9SKs7eQXtT59f,90.95,112,0,100.0
2026-04-01 15:05:19,FwR3PbjS5iyqzLiLugrBqKSa5EKZ4vK9SKs7eQXtT59f,90.85,116,0,100.0
2026-04-01 15:05:07,FwR3PbjS5iyqzLiLugrBqKSa5EKZ4vK9SKs7eQXtT59f,90.9,114,0,100.0
2026-04-01 15:04:56,FwR3PbjS5iyqzLiLugrBqKSa5EKZ4vK9SKs7eQXtT59f,90.47,131,0,100.0
2026-04-01 15:04:45,FwR3PbjS5iyqzLiLugrBqKSa5EKZ4vK9SKs7eQXtT59f,91.17,103,0,100.0
2026-04-01 15:04:34,FwR3PbjS5iyqzLiLugrBqKSa5EKZ4vK9SKs7eQXtT59f,90.78,119,0,100.0
2026-04-01 15:04:23,FwR3PbjS5iyqzLiLugrBqKSa5EKZ4vK9SKs7eQXtT59f,90.08,147,0,100.0
2026-04-01 15:04:12,FwR3PbjS5iyqzLiLugrBqKSa5EKZ4vK9SKs7eQXtT59f,90.38,135,1,100.0
2026-04-01 15:04:01,FwR3PbjS5iyqzLiLugrBqKSa5EKZ4vK9SKs7eQXtT59f,90.72,121,0,100.0
2026-04-01 15:03:49,FwR3PbjS5iyqzLiLugrBqKSa5EKZ4vK9SKs7eQXtT59f,90.45,132,0,100.0
2026-04-01 15:03:38,FwR3PbjS5iyqzLiLugrBqKSa5EKZ4vK9SKs7eQXtT59f,91.03,109,0,100.0
2026-04-01 15:03:27,FwR3PbjS5iyqzLiLugrBqKSa5EKZ4vK9SKs7eQXtT59f,91.2,102,1,100.0
2026-04-01 15:03:16,FwR3PbjS5iyqzLiLugrBqKSa5EKZ4vK9SKs7eQXtT59f,90.8,118,0,100.0
2026-04-01 15:03:05,FwR3PbjS5iyqzLiLugrBqKSa5EKZ4vK9SKs7eQXtT59f,90.75,120,0,100.0
2026-04-01 15:02:54,FwR3PbjS5iyqzLiLugrBqKSa5EKZ4vK9SKs7eQXtT59f,90.22,141,1,100.0
2026-04-01 15:02:42,FwR3PbjS5iyqzLiLugrBqKSa5EKZ4vK9SKs7eQXtT59f,91.22,101,0,100.0
2026-04-01 15:02:31,FwR3PbjS5iyqzLiLugrBqKSa5EKZ4vK9SKs7eQXtT59f,90.88,115,1,100.0
2026-04-01 15:02:20,FwR3PbjS5iyqzLiLugrBqKSa5EKZ4vK9SKs7eQXtT59f,90.65,124,0,100.0
2026-04-01 15:02:09,FwR3PbjS5iyqzLiLugrBqKSa5EKZ4vK9SKs7eQXtT59f,90.88,115,1,100.0
2026-04-01 15:01:57,FwR3PbjS5iyqzLiLugrBqKSa5EKZ4vK9SKs7eQXtT59f,90.08,147,0,100.0
2026-04-01 15:01:46,FwR3PbjS5iyqzLiLugrBqKSa5EKZ4vK9SKs7eQXtT59f,90.9,114,1,100.0
2026-04-01 15:01:35,FwR3PbjS5iyqzLiLugrBqKSa5EKZ4vK9SKs7eQXtT59f,90.72,121,0,100.0
2026-04-01 15:01:24,FwR3PbjS5iyqzLiLugrBqKSa5EKZ4vK9SKs7eQXtT59f,90.75,120,0,100.0
2026-04-01 15:01:13,FwR3PbjS5iyqzLiLugrBqKSa5EKZ4vK9SKs7eQXtT59f,90.33,137,1,100.0
2026-04-01 15:01:02,FwR3PbjS5iyqzLiLugrBqKSa5EKZ4vK9SKs7eQXtT59f,90.05,148,0,100.0
2026-04-01 15:00:51,FwR3PbjS5iyqzLiLugrBqKSa5EKZ4vK9SKs7eQXtT59f,91.03,109,0,100.0
2026-04-01 15:00:39,FwR3PbjS5iyqzLiLugrBqKSa5EKZ4vK9SKs7eQXtT59f,90.75,120,1,100.0
2026-04-01 15:00:28,FwR3PbjS5iyqzLiLugrBqKSa5EKZ4vK9SKs7eQXtT59f,91.15,104,0,100.0
2026-04-01 15:00:17,FwR3PbjS5iyqzLiLugrBqKSa5EKZ4vK9SKs7eQXtT59f,90.1,146,0,100.0
2026-04-01 15:00:06,FwR3PbjS5iyqzLiLugrBqKSa5EKZ4vK9SKs7eQXtT59f,91.1,106,0,100.0
2026-04-01 14:59:55,FwR3PbjS5iyqzLiLugrBqKSa5EKZ4vK9SKs7eQXtT59f,90.85,116,1,100.0
2026-04-01 14:59:43,FwR3PbjS5iyqzLiLugrBqKSa5EKZ4vK9SKs7eQXtT59f,90.35,136,0,100.0
2026-04-01 14:59:32,FwR3PbjS5iyqzLiLugrBqKSa5EKZ4vK9SKs7eQXtT59f,91.15,104,0,100.0
2026-04-01 14:59:21,FwR3PbjS5iyqzLiLugrBqKSa5EKZ4vK9SKs7eQXtT59f,91.03,109,0,100.0
2026-04-01 14:59:10,FwR3PbjS5iyqzLiLugrBqKSa5EKZ4vK9SKs7eQXtT59f,91.15,104,0,100.0
2026-04-01 14:58:59,FwR3PbjS5iyqzLiLugrBqKSa5EKZ4vK9SKs7eQXtT59f,90.35,136,1,100.0
2026-04-01 14:58:48,FwR3PbjS5iyqzLiLugrBqKSa5EKZ4vK9SKs7eQXtT59f,90.6,126,0,100.0
2026-04-01 14:58:37,FwR3PbjS5iyqzLiLugrBqKSa5EKZ4vK9SKs7eQXtT59f,90.85,116,1,100.0
2026-04-01 14:58:25,FwR3PbjS5iyqzLiLugrBqKSa5EKZ4vK9SKs7eQXtT59f,90.38,135,0,100.0
2026-04-01 14:58:14,FwR3PbjS5iyqzLiLugrBqKSa5EKZ4vK9SKs7eQXtT59f,90.5,130,0,100.0
2026-04-01 14:58:02,FwR3PbjS5iyqzLiLugrBqKSa5EKZ4vK9SKs7eQXtT59f,90.22,141,0,100.0
2026-04-01 14:57:50,FwR3PbjS5iyqzLiLugrBqKSa5EKZ4vK9SKs7eQXtT59f,91.0,110,0,100.0
2026-04-01 14:57:39,FwR3PbjS5iyqzLiLugrBqKSa5EKZ4vK9SKs7eQXtT59f,90.72,121,0,100.0
2026-04-01 14:57:27,FwR3PbjS5iyqzLiLugrBqKSa5EKZ4vK9SKs7eQXtT59f,90.08,147,1,100.0
2026-04-01 14:57:16,FwR3PbjS5iyqzLiLugrBqKSa5EKZ4vK9SKs7eQXtT59f,90.33,137,1,100.0
2026-04-01 14:57:05,FwR3PbjS5iyqzLiLugrBqKSa5EKZ4vK9SKs7eQXtT59f,90.38,135,0,100.0
2026-04-01 14:56:54,FwR3PbjS5iyqzLiLugrBqKSa5EKZ4vK9SKs7eQXtT59f,91.03,109,0,100.0
2026-04-01 14:56:43,FwR3PbjS5iyqzLiLugrBqKSa5EKZ4vK9SKs7eQXtT59f,90.67,123,1,100.0
2026-04-01 14:56:32,FwR3PbjS5iyqzLiLugrBqKSa5EKZ4vK9SKs7eQXtT59f,90.47,131,1,100.0
2026-04-01 14:56:21,FwR3PbjS5iyqzLiLugrBqKSa5EKZ4vK9SKs7eQXtT59f,90.15,144,1,100.0
2026-04-01 14:56:10,FwR3PbjS5iyqzLiLugrBqKSa5EKZ4vK9SKs7eQXtT59f,90.47,131,1,100.0
2026-04-01 14:55:59,FwR3PbjS5iyqzLiLugrBqKSa5EKZ4vK9SKs7eQXtT59f,91.03,109,0,100.0
2026-04-01 14:55:48,FwR3PbjS5iyqzLiLugrBqKSa5EKZ4vK9SKs7eQXtT59f,90.0,150,1,100.0
2026-04-01 14:55:37,FwR3PbjS5iyqzLiLugrBqKSa5EKZ4vK9SKs7eQXtT59f,90.2,142,0,100.0
2026-04-01 14:55:25,FwR3PbjS5iyqzLiLugrBqKSa5EKZ4vK9SKs7eQXtT59f,90.47,131,0,100.0
2026-04-01 14:55:13,FwR3PbjS5iyqzLiLugrBqKSa5EKZ4vK9SKs7eQXtT59f,91.22,101,0,100.0
2026-04-01 14:55:02,FwR3PbjS5iyqzLiLugrBqKSa5EKZ4vK9SKs7eQXtT59f,90.85,116,0,100.0
2026-04-01 14:54:51,FwR3PbjS5iyqzLiLugrBqKSa5EKZ4vK9SKs7eQXtT59f,90.55,128,1,100.0
2026-04-01 14:54:39,FwR3PbjS5iyqzLiLugrBqKSa5EKZ4vK9SKs7eQXtT59f,90.2,142,1,100.0
2026-04-01 14:54:28,FwR3PbjS5iyqzLiLugrBqKSa5EKZ4vK9SKs7eQXtT59f,91.1,106,0,100.0
2026-04-01 14:54:17,FwR3PbjS5iyqzLiLugrBqKSa5EKZ4vK9SKs7eQXtT59f,90.03,149,0,100.0
2026-04-01 15:12:42,2u83Dx5qPV4QnujjJQv8v2SoqG1ixuAxPK5Jwhtkovd1,91.05,108,0,100.0
2026-04-01 15:12:31,2u83Dx5qPV4QnujjJQv8v2SoqG1ixuAxPK5Jwhtkovd1,90.08,147,0,100.0
2026-04-01 15:12:20,2u83Dx5qPV4QnujjJQv8v2SoqG1ixuAxPK5Jwhtkovd1,90.05,148,0,100.0
2026-04-01 15:12:09,2u83Dx5qPV4QnujjJQv8v2SoqG1ixuAxPK5Jwhtkovd1,91.03,109,1,100.0
2026-04-01 15:11:58,2u83Dx5qPV4QnujjJQv8v2SoqG1ixuAxPK5Jwhtkovd1,90.53,129,0,100.0
2026-04-01 15:11:46,2u83Dx5qPV4QnujjJQv8v2SoqG1ixuAxPK5Jwhtkovd1,90.72,121,1,100.0
2026-04-01 15:11:35,2u83Dx5qPV4QnujjJQv8v2SoqG1ixuAxPK5Jwhtkovd1,90.7,122,1,100.0
2026-04-01 15:11:24,2u83Dx5qPV4QnujjJQv8v2SoqG1ixuAxPK5Jwhtkovd1,91.2,102,0,100.0
2026-04-01 15:11:13,2u83Dx5qPV4QnujjJQv8v2SoqG1ixuAxPK5Jwhtkovd1,90.17,143,0,100.0
2026-04-01 15:11:02,2u83Dx5qPV4QnujjJQv8v2SoqG1ixuAxPK5Jwhtkovd1,90.8,118,0,100.0
2026-04-01 15:10:50,2u83Dx5qPV4QnujjJQv8v2SoqG1ixuAxPK5Jwhtkovd1,90.12,145,0,100.0
2026-04-01 15:10:39,2u83Dx5qPV4QnujjJQv8v2SoqG1ixuAxPK5Jwhtkovd1,90.9,114,0,100.0
2026-04-01 15:10:28,2u83Dx5qPV4QnujjJQv8v2SoqG1ixuAxPK5Jwhtkovd1,90.45,132,1,100.0
2026-04-01 15:10:17,2u83Dx5qPV4QnujjJQv8v2SoqG1ixuAxPK5Jwhtkovd1,90.5,130,1,100.0
2026-04-01 15:10:06,2u83Dx5qPV4QnujjJQv8v2SoqG1ixuAxPK5Jwhtkovd1,90.22,141,1,100.0
2026-04-01 15:09:55,2u83Dx5qPV4QnujjJQv8v2SoqG1ixuAxPK5Jwhtkovd1,91.08,107,0,100.0
2026-04-01 15:09:44,2u83Dx5qPV4QnujjJQv8v2SoqG1ixuAxPK5Jwhtkovd1,90.3,138,0,100.0
2026-04-01 15:09:32,2u83Dx5qPV4QnujjJQv8v2SoqG1ixuAxPK5Jwhtkovd1,90.47,131,0,100.0
2026-04-01 15:09:21,2u83Dx5qPV4QnujjJQv8v2SoqG1ixuAxPK5Jwhtkovd1,90.25,140,1,100.0
2026-04-01 15:09:10,2u83Dx5qPV4QnujjJQv8v2SoqG1ixuAxPK5Jwhtkovd1,91.12,105,1,100.0
2026-04-01 15:08:59,2u83Dx5qPV4QnujjJQv8v2SoqG1ixuAxPK5Jwhtkovd1,90.7,122,0,100.0
2026-04-01 15:08:48,2u83Dx5qPV4QnujjJQv8v2SoqG1ixuAxPK5Jwhtkovd1,90.33,137,0,100.0
2026-04-01 15:08:37,2u83Dx5qPV4QnujjJQv8v2SoqG1ixuAxPK5Jwhtkovd1,90.72,121,0,100.0
2026-04-01 15:08:26,2u83Dx5qPV4QnujjJQv8v2SoqG1ixuAxPK5Jwhtkovd1,90.33,137,1,100.0
2026-04-01 15:08:15,2u83Dx5qPV4QnujjJQv8v2SoqG1ixuAxPK5Jwhtkovd1,90.17,143,0,100.0
2026-04-01 15:08:04,2u83Dx5qPV4QnujjJQv8v2SoqG1ixuAxPK5Jwhtkovd1,90.58,127,1,100.0
2026-04-01 15:07:53,2u83Dx5qPV4QnujjJQv8v2SoqG1ixuAxPK5Jwhtkovd1,91.03,109,1,100.0
2026-04-01 15:07:43,2u83Dx5qPV4QnujjJQv8v2SoqG1ixuAxPK5Jwhtkovd1,90.83,117,0,100.0
2026-04-01 15:07:31,2u83Dx5qPV4QnujjJQv8v2SoqG1ixuAxPK5Jwhtkovd1,91.2,102,0,100.0
2026-04-01 15:07:20,2u83Dx5qPV4QnujjJQv8v2SoqG1ixuAxPK5Jwhtkovd1,91.17,103,0,100.0
2026-04-01 15:07:09,2u83Dx5qPV4QnujjJQv8v2SoqG1ixuAxPK5Jwhtkovd1,90.42,133,0,100.0
2026-04-01 15:06:58,2u83Dx5qPV4QnujjJQv8v2SoqG1ixuAxPK5Jwhtkovd1,91.25,100,0,100.0
2026-04-01 15:06:47,2u83Dx5qPV4QnujjJQv8v2SoqG1ixuAxPK5Jwhtkovd1,90.88,115,0,100.0
2026-04-01 15:06:36,2u83Dx5qPV4QnujjJQv8v2SoqG1ixuAxPK5Jwhtkovd1,90.78,119,1,100.0
2026-04-01 15:06:25,2u83Dx5qPV4QnujjJQv8v2SoqG1ixuAxPK5Jwhtkovd1,91.1,106,0,100.0
2026-04-01 15:06:14,2u83Dx5qPV4QnujjJQv8v2SoqG1ixuAxPK5Jwhtkovd1,90.2,142,1,100.0
2026-04-01 15:06:03,2u83Dx5qPV4QnujjJQv8v2SoqG1ixuAxPK5Jwhtkovd1,90.6,126,1,100.0
2026-04-01 15:05:52,2u83Dx5qPV4QnujjJQv8v2SoqG1ixuAxPK5Jwhtkovd1,90.25,140,1,100.0
2026-04-01 15:05:41,2u83Dx5qPV4QnujjJQv8v2SoqG1ixuAxPK5Jwhtkovd1,91.12,105,0,100.0
2026-04-01 15:05:30,2u83Dx5qPV4QnujjJQv8v2SoqG1ixuAxPK5Jwhtkovd1,90.45,132,0,100.0
2026-04-01 15:05:19,2u83Dx5qPV4QnujjJQv8v2SoqG1ixuAxPK5Jwhtkovd1,90.1,146,0,100.0
2026-04-01 15:05:07,2u83Dx5qPV4QnujjJQv8v2SoqG1ixuAxPK5Jwhtkovd1,91.25,100,0,100.0
2026-04-01 15:04:56,2u83Dx5qPV4QnujjJQv8v2SoqG1ixuAxPK5Jwhtkovd1,90.45,132,0,100.0
2026-04-01 15:04:45,2u83Dx5qPV4QnujjJQv8v2SoqG1ixuAxPK5Jwhtkovd1,90.6,126,0,100.0
2026-04-01 15:04:34,2u83Dx5qPV4QnujjJQv8v2SoqG1ixuAxPK5Jwhtkovd1,91.25,100,0,100.0
2026-04-01 15:04:23,2u83Dx5qPV4QnujjJQv8v2SoqG1ixuAxPK5Jwhtkovd1,90.35,136,0,100.0
2026-04-01 15:04:12,2u83Dx5qPV4QnujjJQv8v2SoqG1ixuAxPK5Jwhtkovd1,90.6,126,1,100.0
2026-04-01 15:04:01,2u83Dx5qPV4QnujjJQv8v2SoqG1ixuAxPK5Jwhtkovd1,90.65,124,0,100.0
2026-04-01 15:03:49,2u83Dx5qPV4QnujjJQv8v2SoqG1ixuAxPK5Jwhtkovd1,91.1,106,0,100.0
2026-04-01 15:03:38,2u83Dx5qPV4QnujjJQv8v2SoqG1ixuAxPK5Jwhtkovd1,91.1,106,0,100.0
2026-04-01 15:03:27,2u83Dx5qPV4QnujjJQv8v2SoqG1ixuAxPK5Jwhtkovd1,90.9,114,1,100.0
2026-04-01 15:03:16,2u83Dx5qPV4QnujjJQv8v2SoqG1ixuAxPK5Jwhtkovd1,90.35,136,0,100.0
2026-04-01 15:03:05,2u83Dx5qPV4QnujjJQv8v2SoqG1ixuAxPK5Jwhtkovd1,91.17,103,0,100.0
2026-04-01 15:02:54,2u83Dx5qPV4QnujjJQv8v2SoqG1ixuAxPK5Jwhtkovd1,90.6,126,1,100.0
2026-04-01 15:02:42,2u83Dx5qPV4QnujjJQv8v2SoqG1ixuAxPK5Jwhtkovd1,90.9,114,0,100.0
2026-04-01 15:02:31,2u83Dx5qPV4QnujjJQv8v2SoqG1ixuAxPK5Jwhtkovd1,91.0,110,1,100.0
2026-04-01 15:02:20,2u83Dx5qPV4QnujjJQv8v2SoqG1ixuAxPK5Jwhtkovd1,90.28,139,0,100.0
2026-04-01 15:02:09,2u83Dx5qPV4QnujjJQv8v2SoqG1ixuAxPK5Jwhtkovd1,90.22,141,1,100.0
2026-04-01 15:01:57,2u83Dx5qPV4QnujjJQv8v2SoqG1ixuAxPK5Jwhtkovd1,91.08,107,0,100.0
2026-04-01 15:01:46,2u83Dx5qPV4QnujjJQv8v2SoqG1ixuAxPK5Jwhtkovd1,90.88,115,1,100.0
2026-04-01 15:01:35,2u83Dx5qPV4QnujjJQv8v2SoqG1ixuAxPK5Jwhtkovd1,90.3,138,0,100.0
2026-04-01 15:01:24,2u83Dx5qPV4QnujjJQv8v2SoqG1ixuAxPK5Jwhtkovd1,90.47,131,0,100.0
2026-04-01 15:01:13,2u83Dx5qPV4QnujjJQv8v2SoqG1ixuAxPK5Jwhtkovd1,90.7,122,1,100.0
2026-04-01 15:01:02,2u83Dx5qPV4QnujjJQv8v2SoqG1ixuAxPK5Jwhtkovd1,90.17,143,0,100.0
2026-04-01 15:00:51,2u83Dx5qPV4QnujjJQv8v2SoqG1ixuAxPK5Jwhtkovd1,90.0,150,0,100.0
2026-04-01 15:00:39,2u83Dx5qPV4QnujjJQv8v2SoqG1ixuAxPK5Jwhtkovd1,90.88,115,1,100.0
2026-04-01 15:00:28,2u83Dx5qPV4QnujjJQv8v2SoqG1ixuAxPK5Jwhtkovd1,91.17,103,0,100.0
2026-04-01 15:00:17,2u83Dx5qPV4QnujjJQv8v2SoqG1ixuAxPK5Jwhtkovd1,91.22,101,0,100.0
2026-04-01 15:00:06,2u83Dx5qPV4QnujjJQv8v2SoqG1ixuAxPK5Jwhtkovd1,90.55,128,0,100.0
2026-04-01 14:59:55,2u83Dx5qPV4QnujjJQv8v2SoqG1ixuAxPK5Jwhtkovd1,90.72,121,1,100.0
2026-04-01 14:59:43,2u83Dx5qPV4QnujjJQv8v2SoqG1ixuAxPK5Jwhtkovd1,90.88,115,0,100.0
2026-04-01 14:59:32,2u83Dx5qPV4QnujjJQv8v2SoqG1ixuAxPK5Jwhtkovd1,91.15,104,0,100.0
2026-04-01 14:59:21,2u83Dx5qPV4QnujjJQv8v2SoqG1ixuAxPK5Jwhtkovd1,90.03,149,0,100.0
2026-04-01 14:59:10,2u83Dx5qPV4QnujjJQv8v2SoqG1ixuAxPK5Jwhtkovd1,90.08,147,0,100.0
2026-04-01 14:58:59,2u83Dx5qPV4QnujjJQv8v2SoqG1ixuAxPK5Jwhtkovd1,90.67,123,1,100.0
2026-04-01 14:58:48,2u83Dx5qPV4QnujjJQv8v2SoqG1ixuAxPK5Jwhtkovd1,91.08,107,0,100.0
2026-04-01 14:58:37,2u83Dx5qPV4QnujjJQv8v2SoqG1ixuAxPK5Jwhtkovd1,90.03,149,1,100.0
2026-04-01 14:58:25,2u83Dx5qPV4QnujjJQv8v2SoqG1ixuAxPK5Jwhtkovd1,91.15,104,0,100.0
2026-04-01 14:58:14,2u83Dx5qPV4QnujjJQv8v2SoqG1ixuAxPK5Jwhtkovd1,90.42,133,0,100.0
2026-04-01 14:58:02,2u83Dx5qPV4QnujjJQv8v2SoqG1ixuAxPK5Jwhtkovd1,90.25,140,0,100.0
2026-04-01 14:57:50,2u83Dx5qPV4QnujjJQv8v2SoqG1ixuAxPK5Jwhtkovd1,90.8,118,0,100.0
2026-04-01 14:57:39,2u83Dx5qPV4QnujjJQv8v2SoqG1ixuAxPK5Jwhtkovd1,90.4,134,0,100.0
2026-04-01 14:57:27,2u83Dx5qPV4QnujjJQv8v2SoqG1ixuAxPK5Jwhtkovd1,91.1,106,1,100.0
2026-04-01 14:57:16,2u83Dx5qPV4QnujjJQv8v2SoqG1ixuAxPK5Jwhtkovd1,91.08,107,1,100.0
2026-04-01 14:57:05,2u83Dx5qPV4QnujjJQv8v2SoqG1ixuAxPK5Jwhtkovd1,91.12,105,0,100.0
2026-04-01 14:56:54,2u83Dx5qPV4QnujjJQv8v2SoqG1ixuAxPK5Jwhtkovd1,90.3,138,0,100.0
2026-04-01 14:56:43,2u83Dx5qPV4QnujjJQv8v2SoqG1ixuAxPK5Jwhtkovd1,90.53,129,1,100.0
2026-04-01 14:56:32,2u83Dx5qPV4QnujjJQv8v2SoqG1ixuAxPK5Jwhtkovd1,90.8,118,1,100.0
2026-04-01 14:56:21,2u83Dx5qPV4QnujjJQv8v2SoqG1ixuAxPK5Jwhtkovd1,90.6,126,1,100.0
2026-04-01 14:56:10,2u83Dx5qPV4QnujjJQv8v2SoqG1ixuAxPK5Jwhtkovd1,90.28,139,1,100.0
2026-04-01 14:55:59,2u83Dx5qPV4QnujjJQv8v2SoqG1ixuAxPK5Jwhtkovd1,90.42,133,0,100.0
2026-04-01 14:55:48,2u83Dx5qPV4QnujjJQv8v2SoqG1ixuAxPK5Jwhtkovd1,90.53,129,1,100.0
2026-04-01 14:55:37,2u83Dx5qPV4QnujjJQv8v2SoqG1ixuAxPK5Jwhtkovd1,90.28,139,0,100.0
2026-04-01 14:55:25,2u83Dx5qPV4QnujjJQv8v2SoqG1ixuAxPK5Jwhtkovd1,90.1,146,0,100.0
2026-04-01 14:55:13,2u83Dx5qPV4QnujjJQv8v2SoqG1ixuAxPK5Jwhtkovd1,91.08,107,0,100.0
2026-04-01 14:55:02,2u83Dx5qPV4QnujjJQv8v2SoqG1ixuAxPK5Jwhtkovd1,90.1,146,0,100.0
2026-04-01 14:54:51,2u83Dx5qPV4QnujjJQv8v2SoqG1ixuAxPK5Jwhtkovd1,90.28,139,1,100.0
2026-04-01 14:54:39,2u83Dx5qPV4QnujjJQv8v2SoqG1ixuAxPK5Jwhtkovd1,90.4,134,1,100.0
2026-04-01 14:54:28,2u83Dx5qPV4QnujjJQv8v2SoqG1ixuAxPK5Jwhtkovd1,90.28,139,0,100.0
2026-04-01 14:54:17,2u83Dx5qPV4QnujjJQv8v2SoqG1ixuAxPK5Jwhtkovd1,90.35,136,0,100.0
2026-04-01 15:12:42,B6kMs74PL2invrEmeyZSXiH4Rim3VmHRDJBuUcsNAoGE,90.45,132,0,100.0
2026-04-01 15:12:31,B6kMs74PL2invrEmeyZSXiH4Rim3VmHRDJBuUcsNAoGE,91.15,104,0,100.0
2026-04-01 15:12:20,B6kMs74PL2invrEmeyZSXiH4Rim3VmHRDJBuUcsNAoGE,91.2,102,0,100.0
2026-04-01 15:12:09,B6kMs74PL2invrEmeyZSXiH4Rim3VmHRDJBuUcsNAoGE,90.35,136,1,100.0
2026-04-01 15:11:58,B6kMs74PL2invrEmeyZSXiH4Rim3VmHRDJBuUcsNAoGE,90.0,150,0,100.0
2026-04-01 15:11:46,B6kMs74PL2invrEmeyZSXiH4Rim3VmHRDJBuUcsNAoGE,91.17,103,1,100.0
2026-04-01 15:11:35,B6kMs74PL2invrEmeyZSXiH4Rim3VmHRDJBuUcsNAoGE,90.28,139,1,100.0
2026-04-01 15:11:24,B6kMs74PL2invrEmeyZSXiH4Rim3VmHRDJBuUcsNAoGE,91.12,105,0,100.0
2026-04-01 15:11:13,B6kMs74PL2invrEmeyZSXiH4Rim3VmHRDJBuUcsNAoGE,90.6,126,0,100.0
2026-04-01 15:11:02,B6kMs74PL2invrEmeyZSXiH4Rim3VmHRDJBuUcsNAoGE,90.22,141,0,100.0
2026-04-01 15:10:50,B6kMs74PL2invrEmeyZSXiH4Rim3VmHRDJBuUcsNAoGE,90.67,123,0,100.0
2026-04-01 15:10:39,B6kMs74PL2invrEmeyZSXiH4Rim3VmHRDJBuUcsNAoGE,90.58,127,0,100.0
2026-04-01 15:10:28,B6kMs74PL2invrEmeyZSXiH4Rim3VmHRDJBuUcsNAoGE,90.2,142,1,100.0
2026-04-01 15:10:17,B6kMs74PL2invrEmeyZSXiH4Rim3VmHRDJBuUcsNAoGE,90.17,143,1,100.0
2026-04-01 15:10:06,B6kMs74PL2invrEmeyZSXiH4Rim3VmHRDJBuUcsNAoGE,89.95,152,1,100.0
2026-04-01 15:09:55,B6kMs74PL2invrEmeyZSXiH4Rim3VmHRDJBuUcsNAoGE,91.03,109,0,100.0
2026-04-01 15:09:44,B6kMs74PL2invrEmeyZSXiH4Rim3VmHRDJBuUcsNAoGE,91.15,104,0,100.0
2026-04-01 15:09:32,B6kMs74PL2invrEmeyZSXiH4Rim3VmHRDJBuUcsNAoGE,90.83,117,0,100.0
2026-04-01 15:09:21,B6kMs74PL2invrEmeyZSXiH4Rim3VmHRDJBuUcsNAoGE,90.1,146,1,100.0
2026-04-01 15:09:10,B6kMs74PL2invrEmeyZSXiH4Rim3VmHRDJBuUcsNAoGE,90.67,123,1,100.0
2026-04-01 15:08:59,B6kMs74PL2invrEmeyZSXiH4Rim3VmHRDJBuUcsNAoGE,90.2,142,0,100.0
2026-04-01 15:08:48,B6kMs74PL2invrEmeyZSXiH4Rim3VmHRDJBuUcsNAoGE,90.35,136,0,100.0
2026-04-01 15:08:37,B6kMs74PL2invrEmeyZSXiH4Rim3VmHRDJBuUcsNAoGE,91.08,107,0,100.0
2026-04-01 15:08:26,B6kMs74PL2invrEmeyZSXiH4Rim3VmHRDJBuUcsNAoGE,90.67,123,1,100.0
2026-04-01 15:08:15,B6kMs74PL2invrEmeyZSXiH4Rim3VmHRDJBuUcsNAoGE,90.65,124,0,100.0
2026-04-01 15:08:04,B6kMs74PL2invrEmeyZSXiH4Rim3VmHRDJBuUcsNAoGE,90.85,116,1,100.0
2026-04-01 15:07:53,B6kMs74PL2invrEmeyZSXiH4Rim3VmHRDJBuUcsNAoGE,90.7,122,1,100.0
2026-04-01 15:07:43,B6kMs74PL2invrEmeyZSXiH4Rim3VmHRDJBuUcsNAoGE,90.85,116,0,100.0
2026-04-01 15:07:31,B6kMs74PL2invrEmeyZSXiH4Rim3VmHRDJBuUcsNAoGE,91.1,106,0,100.0
2026-04-01 15:07:20,B6kMs74PL2invrEmeyZSXiH4Rim3VmHRDJBuUcsNAoGE,90.58,127,0,100.0
2026-04-01 15:07:09,B6kMs74PL2invrEmeyZSXiH4Rim3VmHRDJBuUcsNAoGE,90.45,132,0,100.0
2026-04-01 15:06:58,B6kMs74PL2invrEmeyZSXiH4Rim3VmHRDJBuUcsNAoGE,90.25,140,0,100.0
2026-04-01 15:06:47,B6kMs74PL2invrEmeyZSXiH4Rim3VmHRDJBuUcsNAoGE,90.2,142,0,100.0
2026-04-01 15:06:36,B6kMs74PL2invrEmeyZSXiH4Rim3VmHRDJBuUcsNAoGE,90.95,112,1,100.0
2026-04-01 15:06:25,B6kMs74PL2invrEmeyZSXiH4Rim3VmHRDJBuUcsNAoGE,90.97,111,0,100.0
2026-04-01 15:06:14,B6kMs74PL2invrEmeyZSXiH4Rim3VmHRDJBuUcsNAoGE,90.2,142,1,100.0
2026-04-01 15:06:03,B6kMs74PL2invrEmeyZSXiH4Rim3VmHRDJBuUcsNAoGE,90.78,119,1,100.0
2026-04-01 15:05:52,B6kMs74PL2invrEmeyZSXiH4Rim3VmHRDJBuUcsNAoGE,90.1,146,1,100.0
2026-04-01 15:05:41,B6kMs74PL2invrEmeyZSXiH4Rim3VmHRDJBuUcsNAoGE,90.15,144,0,100.0
2026-04-01 15:05:30,B6kMs74PL2invrEmeyZSXiH4Rim3VmHRDJBuUcsNAoGE,91.08,107,0,100.0
2026-04-01 15:05:19,B6kMs74PL2invrEmeyZSXiH4Rim3VmHRDJBuUcsNAoGE,91.2,102,0,100.0
2026-04-01 15:05:07,B6kMs74PL2invrEmeyZSXiH4Rim3VmHRDJBuUcsNAoGE,90.17,143,0,100.0
2026-04-01 15:04:56,B6kMs74PL2invrEmeyZSXiH4Rim3VmHRDJBuUcsNAoGE,90.9,114,0,100.0
2026-04-01 15:04:45,B6kMs74PL2invrEmeyZSXiH4Rim3VmHRDJBuUcsNAoGE,90.33,137,0,100.0
2026-04-01 15:04:34,B6kMs74PL2invrEmeyZSXiH4Rim3VmHRDJBuUcsNAoGE,90.62,125,0,100.0
2026-04-01 15:04:23,B6kMs74PL2invrEmeyZSXiH4Rim3VmHRDJBuUcsNAoGE,90.62,125,0,100.0
2026-04-01 15:04:12,B6kMs74PL2invrEmeyZSXiH4Rim3VmHRDJBuUcsNAoGE,90.78,119,1,100.0
2026-04-01 15:04:01,B6kMs74PL2invrEmeyZSXiH4Rim3VmHRDJBuUcsNAoGE,90.62,125,0,100.0
2026-04-01 15:03:49,B6kMs74PL2invrEmeyZSXiH4Rim3VmHRDJBuUcsNAoGE,90.58,127,0,100.0
2026-04-01 15:03:38,B6kMs74PL2invrEmeyZSXiH4Rim3VmHRDJBuUcsNAoGE,90.75,120,0,100.0
2026-04-01 15:03:27,B6kMs74PL2invrEmeyZSXiH4Rim3VmHRDJBuUcsNAoGE,90.45,132,1,100.0
2026-04-01 15:03:16,B6kMs74PL2invrEmeyZSXiH4Rim3VmHRDJBuUcsNAoGE,90.9,114,0,100.0
2026-04-01 15:03:05,B6kMs74PL2invrEmeyZSXiH4Rim3VmHRDJBuUcsNAoGE,90.25,140,0,100.0
2026-04-01 15:02:54,B6kMs74PL2invrEmeyZSXiH4Rim3VmHRDJBuUcsNAoGE,90.97,111,1,100.0
2026-04-01 15:02:42,B6kMs74PL2invrEmeyZSXiH4Rim3VmHRDJBuUcsNAoGE,90.4,134,0,100.0
2026-04-01 15:02:31,B6kMs74PL2invrEmeyZSXiH4Rim3VmHRDJBuUcsNAoGE,90.35,136,1,100.0
2026-04-01 15:02:20,B6kMs74PL2invrEmeyZSXiH4Rim3VmHRDJBuUcsNAoGE,90.42,133,0,100.0
2026-04-01 15:02:09,B6kMs74PL2invrEmeyZSXiH4Rim3VmHRDJBuUcsNAoGE,90.6,126,1,100.0
2026-04-01 15:01:57,B6kMs74PL2invrEmeyZSXiH4Rim3VmHRDJBuUcsNAoGE,90.55,128,0,100.0
2026-04-01 15:01:46,B6kMs74PL2invrEmeyZSXiH4Rim3VmHRDJBuUcsNAoGE,90.03,149,1,100.0
2026-04-01 15:01:35,B6kMs74PL2invrEmeyZSXiH4Rim3VmHRDJBuUcsNAoGE,90.55,128,0,100.0
2026-04-01 15:01:24,B6kMs74PL2invrEmeyZSXiH4Rim3VmHRDJBuUcsNAoGE,90.05,148,0,100.0
2026-04-01 15:01:13,B6kMs74PL2invrEmeyZSXiH4Rim3VmHRDJBuUcsNAoGE,90.47,131,1,100.0
2026-04-01 15:01:02,B6kMs74PL2invrEmeyZSXiH4Rim3VmHRDJBuUcsNAoGE,90.85,116,0,100.0
2026-04-01 15:00:51,B6kMs74PL2invrEmeyZSXiH4Rim3VmHRDJBuUcsNAoGE,90.8,118,0,100.0
2026-04-01 15:00:39,B6kMs74PL2invrEmeyZSXiH4Rim3VmHRDJBuUcsNAoGE,90.65,124,1,100.0
2026-04-01 15:00:28,B6kMs74PL2invrEmeyZSXiH4Rim3VmHRDJBuUcsNAoGE,90.4,134,0,100.0
2026-04-01 15:00:17,B6kMs74PL2invrEmeyZSXiH4Rim3VmHRDJBuUcsNAoGE,90.6,126,0,100.0
2026-04-01 15:00:06,B6kMs74PL2invrEmeyZSXiH4Rim3VmHRDJBuUcsNAoGE,90.17,143,0,100.0
2026-04-01 14:59:55,B6kMs74PL2invrEmeyZSXiH4Rim3VmHRDJBuUcsNAoGE,90.03,149,1,100.0
2026-04-01 14:59:43,B6kMs74PL2invrEmeyZSXiH4Rim3VmHRDJBuUcsNAoGE,90.72,121,0,100.0
2026-04-01 14:59:32,B6kMs74PL2invrEmeyZSXiH4Rim3VmHRDJBuUcsNAoGE,90.28,139,0,100.0
2026-04-01 14:59:21,B6kMs74PL2invrEmeyZSXiH4Rim3VmHRDJBuUcsNAoGE,90.17,143,0,100.0
2026-04-01 14:59:10,B6kMs74PL2invrEmeyZSXiH4Rim3VmHRDJBuUcsNAoGE,90.72,121,0,100.0
2026-04-01 14:58:59,B6kMs74PL2invrEmeyZSXiH4Rim3VmHRDJBuUcsNAoGE,91.05,108,1,100.0
2026-04-01 14:58:48,B6kMs74PL2invrEmeyZSXiH4Rim3VmHRDJBuUcsNAoGE,90.0,150,0,100.0
2026-04-01 14:58:37,B6kMs74PL2invrEmeyZSXiH4Rim3VmHRDJBuUcsNAoGE,90.55,128,1,100.0
2026-04-01 14:58:25,B6kMs74PL2invrEmeyZSXiH4Rim3VmHRDJBuUcsNAoGE,90.2,142,0,100.0
2026-04-01 14:58:14,B6kMs74PL2invrEmeyZSXiH4Rim3VmHRDJBuUcsNAoGE,90.9,114,0,100.0
2026-04-01 14:58:02,B6kMs74PL2invrEmeyZSXiH4Rim3VmHRDJBuUcsNAoGE,90.97,111,0,100.0
2026-04-01 14:57:50,B6kMs74PL2invrEmeyZSXiH4Rim3VmHRDJBuUcsNAoGE,90.62,125,0,100.0
2026-04-01 14:57:39,B6kMs74PL2invrEmeyZSXiH4Rim3VmHRDJBuUcsNAoGE,90.45,132,0,100.0
2026-04-01 14:57:27,B6kMs74PL2invrEmeyZSXiH4Rim3VmHRDJBuUcsNAoGE,90.4,134,1,100.0
2026-04-01 14:57:16,B6kMs74PL2invrEmeyZSXiH4Rim3VmHRDJBuUcsNAoGE,90.2,142,1,100.0
2026-04-01 14:57:05,B6kMs74PL2invrEmeyZSXiH4Rim3VmHRDJBuUcsNAoGE,90.6,126,0,100.0
2026-04-01 14:56:54,B6kMs74PL2invrEmeyZSXiH4Rim3VmHRDJBuUcsNAoGE,91.08,107,0,100.0
2026-04-01 14:56:43,B6kMs74PL2invrEmeyZSXiH4Rim3VmHRDJBuUcsNAoGE,90.83,117,1,100.0
2026-04-01 14:56:32,B6kMs74PL2invrEmeyZSXiH4Rim3VmHRDJBuUcsNAoGE,89.97,151,1,100.0
2026-04-01 14:56:21,B6kMs74PL2invrEmeyZSXiH4Rim3VmHRDJBuUcsNAoGE,90.05,148,1,100.0
2026-04-01 14:56:10,B6kMs74PL2invrEmeyZSXiH4Rim3VmHRDJBuUcsNAoGE,89.97,151,1,100.0
2026-04-01 14:55:59,B6kMs74PL2invrEmeyZSXiH4Rim3VmHRDJBuUcsNAoGE,90.25,140,0,100.0
2026-04-01 14:55:48,B6kMs74PL2invrEmeyZSXiH4Rim3VmHRDJBuUcsNAoGE,91.1,106,1,100.0
2026-04-01 14:55:37,B6kMs74PL2invrEmeyZSXiH4Rim3VmHRDJBuUcsNAoGE,91.03,109,0,100.0
2026-04-01 14:55:25,B6kMs74PL2invrEmeyZSXiH4Rim3VmHRDJBuUcsNAoGE,90.88,115,0,100.0
2026-04-01 14:55:13,B6kMs74PL2invrEmeyZSXiH4Rim3VmHRDJBuUcsNAoGE,90.78,119,0,100.0
2026-04-01 14:55:02,B6kMs74PL2invrEmeyZSXiH4Rim3VmHRDJBuUcsNAoGE,90.72,121,0,100.0
2026-04-01 14:54:51,B6kMs74PL2invrEmeyZSXiH4Rim3VmHRDJBuUcsNAoGE,90.12,145,1,100.0
2026-04-01 14:54:39,B6kMs74PL2invrEmeyZSXiH4Rim3VmHRDJBuUcsNAoGE,91.05,108,1,100.0
2026-04-01 14:54:28,B6kMs74PL2invrEmeyZSXiH4Rim3VmHRDJBuUcsNAoGE,90.17,143,0,100.0
2026-04-01 14:54:17,B6kMs74PL2invrEmeyZSXiH4Rim3VmHRDJBuUcsNAoGE,90.95,112,0,100.0
2026-04-01 15:12:42,2f9C9AU8nFRKUub8NHToNiZzcwmYiNeipVuP8akKgRVv,90.62,125,0,100.0
2026-04-01 15:12:31,2f9C9AU8nFRKUub8NHToNiZzcwmYiNeipVuP8akKgRVv,90.9,114,0,100.0
2026-04-01 15:12:20,2f9C9AU8nFRKUub8NHToNiZzcwmYiNeipVuP8akKgRVv,90.35,136,0,100.0
2026-04-01 15:12:09,2f9C9AU8nFRKUub8NHToNiZzcwmYiNeipVuP8akKgRVv,90.65,124,1,100.0
2026-04-01 15:11:58,2f9C9AU8nFRKUub8NHToNiZzcwmYiNeipVuP8akKgRVv,91.22,101,0,100.0
2026-04-01 15:11:46,2f9C9AU8nFRKUub8NHToNiZzcwmYiNeipVuP8akKgRVv,90.03,149,1,100.0
2026-04-01 15:11:35,2f9C9AU8nFRKUub8NHToNiZzcwmYiNeipVuP8akKgRVv,90.47,131,1,100.0
2026-04-01 15:11:24,2f9C9AU8nFRKUub8NHToNiZzcwmYiNeipVuP8akKgRVv,90.4,134,0,100.0
2026-04-01 15:11:13,2f9C9AU8nFRKUub8NHToNiZzcwmYiNeipVuP8akKgRVv,90.88,115,0,100.0
2026-04-01 15:11:02,2f9C9AU8nFRKUub8NHToNiZzcwmYiNeipVuP8akKgRVv,90.12,145,0,100.0
2026-04-01 15:10:50,2f9C9AU8nFRKUub8NHToNiZzcwmYiNeipVuP8akKgRVv,90.55,128,0,100.0
2026-04-01 15:10:39,2f9C9AU8nFRKUub8NHToNiZzcwmYiNeipVuP8akKgRVv,90.85,116,0,100.0
2026-04-01 15:10:28,2f9C9AU8nFRKUub8NHToNiZzcwmYiNeipVuP8akKgRVv,90.9,114,1,100.0
2026-04-01 15:10:17,2f9C9AU8nFRKUub8NHToNiZzcwmYiNeipVuP8akKgRVv,90.35,136,1,100.0
2026-04-01 15:10:06,2f9C9AU8nFRKUub8NHToNiZzcwmYiNeipVuP8akKgRVv,91.03,109,1,100.0
2026-04-01 15:09:55,2f9C9AU8nFRKUub8NHToNiZzcwmYiNeipVuP8akKgRVv,90.53,129,0,100.0
2026-04-01 15:09:44,2f9C9AU8nFRKUub8NHToNiZzcwmYiNeipVuP8akKgRVv,91.03,109,0,100.0
2026-04-01 15:09:32,2f9C9AU8nFRKUub8NHToNiZzcwmYiNeipVuP8akKgRVv,90.05,148,0,100.0
2026-04-01 15:09:21,2f9C9AU8nFRKUub8NHToNiZzcwmYiNeipVuP8akKgRVv,90.72,121,1,100.0
2026-04-01 15:09:10,2f9C9AU8nFRKUub8NHToNiZzcwmYiNeipVuP8akKgRVv,90.28,139,1,100.0
2026-04-01 15:08:59,2f9C9AU8nFRKUub8NHToNiZzcwmYiNeipVuP8akKgRVv,90.78,119,0,100.0
2026-04-01 15:08:48,2f9C9AU8nFRKUub8NHToNiZzcwmYiNeipVuP8akKgRVv,90.12,145,0,100.0
2026-04-01 15:08:37,2f9C9AU8nFRKUub8NHToNiZzcwmYiNeipVuP8akKgRVv,90.25,140,0,100.0
2026-04-01 15:08:26,2f9C9AU8nFRKUub8NHToNiZzcwmYiNeipVuP8akKgRVv,90.85,116,1,100.0
2026-04-01 15:08:15,2f9C9AU8nFRKUub8NHToNiZzcwmYiNeipVuP8akKgRVv,90.22,141,0,100.0
2026-04-01 15:08:04,2f9C9AU8nFRKUub8NHToNiZzcwmYiNeipVuP8akKgRVv,91.08,107,1,100.0
2026-04-01 15:07:53,2f9C9AU8nFRKUub8NHToNiZzcwmYiNeipVuP8akKgRVv,91.0,110,1,100.0
2026-04-01 15:07:43,2f9C9AU8nFRKUub8NHToNiZzcwmYiNeipVuP8akKgRVv,90.7,122,0,100.0
2026-04-01 15:07:31,2f9C9AU8nFRKUub8NHToNiZzcwmYiNeipVuP8akKgRVv,90.97,111,0,100.0
2026-04-01 15:07:20,2f9C9AU8nFRKUub8NHToNiZzcwmYiNeipVuP8akKgRVv,90.72,121,0,100.0
2026-04-01 15:07:09,2f9C9AU8nFRKUub8NHToNiZzcwmYiNeipVuP8akKgRVv,90.9,114,0,100.0
2026-04-01 15:06:58,2f9C9AU8nFRKUub8NHToNiZzcwmYiNeipVuP8akKgRVv,90.1,146,0,100.0
2026-04-01 15:06:47,2f9C9AU8nFRKUub8NHToNiZzcwmYiNeipVuP8akKgRVv,90.85,116,0,100.0
2026-04-01 15:06:36,2f9C9AU8nFRKUub8NHToNiZzcwmYiNeipVuP8akKgRVv,90.47,131,1,100.0
2026-04-01 15:06:25,2f9C9AU8nFRKUub8NHToNiZzcwmYiNeipVuP8akKgRVv,91.0,110,0,100.0
2026-04-01 15:06:14,2f9C9AU8nFRKUub8NHToNiZzcwmYiNeipVuP8akKgRVv,90.05,148,1,100.0
2026-04-01 15:06:03,2f9C9AU8nFRKUub8NHToNiZzcwmYiNeipVuP8akKgRVv,90.55,128,1,100.0
2026-04-01 15:05:52,2f9C9AU8nFRKUub8NHToNiZzcwmYiNeipVuP8akKgRVv,90.15,144,1,100.0
2026-04-01 15:05:41,2f9C9AU8nFRKUub8NHToNiZzcwmYiNeipVuP8akKgRVv,90.25,140,0,100.0
2026-04-01 15:05:30,2f9C9AU8nFRKUub8NHToNiZzcwmYiNeipVuP8akKgRVv,90.38,135,0,100.0
2026-04-01 15:05:19,2f9C9AU8nFRKUub8NHToNiZzcwmYiNeipVuP8akKgRVv,90.85,116,0,100.0
2026-04-01 15:05:07,2f9C9AU8nFRKUub8NHToNiZzcwmYiNeipVuP8akKgRVv,91.17,103,0,100.0
2026-04-01 15:04:56,2f9C9AU8nFRKUub8NHToNiZzcwmYiNeipVuP8akKgRVv,91.03,109,0,100.0
2026-04-01 15:04:45,2f9C9AU8nFRKUub8NHToNiZzcwmYiNeipVuP8akKgRVv,90.72,121,0,100.0
2026-04-01 15:04:34,2f9C9AU8nFRKUub8NHToNiZzcwmYiNeipVuP8akKgRVv,90.4,134,0,100.0
2026-04-01 15:04:23,2f9C9AU8nFRKUub8NHToNiZzcwmYiNeipVuP8akKgRVv,90.58,127,0,100.0
2026-04-01 15:04:12,2f9C9AU8nFRKUub8NHToNiZzcwmYiNeipVuP8akKgRVv,91.0,110,1,100.0
2026-04-01 15:04:01,2f9C9AU8nFRKUub8NHToNiZzcwmYiNeipVuP8akKgRVv,90.08,147,0,100.0
2026-04-01 15:03:49,2f9C9AU8nFRKUub8NHToNiZzcwmYiNeipVuP8akKgRVv,90.65,124,0,100.0
2026-04-01 15:03:38,2f9C9AU8nFRKUub8NHToNiZzcwmYiNeipVuP8akKgRVv,90.88,115,0,100.0
2026-04-01 15:03:27,2f9C9AU8nFRKUub8NHToNiZzcwmYiNeipVuP8akKgRVv,91.05,108,1,100.0
2026-04-01 15:03:16,2f9C9AU8nFRKUub8NHToNiZzcwmYiNeipVuP8akKgRVv,90.67,123,0,100.0
2026-04-01 15:03:05,2f9C9AU8nFRKUub8NHToNiZzcwmYiNeipVuP8akKgRVv,90.72,121,0,100.0
2026-04-01 15:02:54,2f9C9AU8nFRKUub8NHToNiZzcwmYiNeipVuP8akKgRVv,90.83,117,1,100.0
2026-04-01 15:02:42,2f9C9AU8nFRKUub8NHToNiZzcwmYiNeipVuP8akKgRVv,90.58,127,0,100.0
2026-04-01 15:02:31,2f9C9AU8nFRKUub8NHToNiZzcwmYiNeipVuP8akKgRVv,91.17,103,1,100.0
2026-04-01 15:02:20,2f9C9AU8nFRKUub8NHToNiZzcwmYiNeipVuP8akKgRVv,91.25,100,0,100.0
2026-04-01 15:02:09,2f9C9AU8nFRKUub8NHToNiZzcwmYiNeipVuP8akKgRVv,90.15,144,1,100.0
2026-04-01 15:01:57,2f9C9AU8nFRKUub8NHToNiZzcwmYiNeipVuP8akKgRVv,90.75,120,0,100.0
2026-04-01 15:01:46,2f9C9AU8nFRKUub8NHToNiZzcwmYiNeipVuP8akKgRVv,90.85,116,1,100.0
2026-04-01 15:01:35,2f9C9AU8nFRKUub8NHToNiZzcwmYiNeipVuP8akKgRVv,90.78,119,0,100.0
2026-04-01 15:01:24,2f9C9AU8nFRKUub8NHToNiZzcwmYiNeipVuP8akKgRVv,91.2,102,0,100.0
2026-04-01 15:01:13,2f9C9AU8nFRKUub8NHToNiZzcwmYiNeipVuP8akKgRVv,90.25,140,1,100.0
2026-04-01 15:01:02,2f9C9AU8nFRKUub8NHToNiZzcwmYiNeipVuP8akKgRVv,90.08,147,0,100.0
2026-04-01 15:00:51,2f9C9AU8nFRKUub8NHToNiZzcwmYiNeipVuP8akKgRVv,90.92,113,0,100.0
2026-04-01 15:00:39,2f9C9AU8nFRKUub8NHToNiZzcwmYiNeipVuP8akKgRVv,90.58,127,1,100.0
2026-04-01 15:00:28,2f9C9AU8nFRKUub8NHToNiZzcwmYiNeipVuP8akKgRVv,90.03,149,0,100.0
2026-04-01 15:00:17,2f9C9AU8nFRKUub8NHToNiZzcwmYiNeipVuP8akKgRVv,91.2,102,0,100.0
2026-04-01 15:00:06,2f9C9AU8nFRKUub8NHToNiZzcwmYiNeipVuP8akKgRVv,90.45,132,0,100.0
2026-04-01 14:59:55,2f9C9AU8nFRKUub8NHToNiZzcwmYiNeipVuP8akKgRVv,90.4,134,1,100.0
2026-04-01 14:59:43,2f9C9AU8nFRKUub8NHToNiZzcwmYiNeipVuP8akKgRVv,90.28,139,0,100.0
2026-04-01 14:59:32,2f9C9AU8nFRKUub8NHToNiZzcwmYiNeipVuP8akKgRVv,91.05,108,0,100.0
2026-04-01 14:59:21,2f9C9AU8nFRKUub8NHToNiZzcwmYiNeipVuP8akKgRVv,90.97,111,0,100.0
2026-04-01 14:59:10,2f9C9AU8nFRKUub8NHToNiZzcwmYiNeipVuP8akKgRVv,91.25,100,0,100.0
2026-04-01 14:58:59,2f9C9AU8nFRKUub8NHToNiZzcwmYiNeipVuP8akKgRVv,90.58,127,1,100.0
2026-04-01 14:58:48,2f9C9AU8nFRKUub8NHToNiZzcwmYiNeipVuP8akKgRVv,91.25,100,0,100.0
2026-04-01 14:58:37,2f9C9AU8nFRKUub8NHToNiZzcwmYiNeipVuP8akKgRVv,90.88,115,1,100.0
2026-04-01 14:58:25,2f9C9AU8nFRKUub8NHToNiZzcwmYiNeipVuP8akKgRVv,90.08,147,0,100.0
2026-04-01 14:58:14,2f9C9AU8nFRKUub8NHToNiZzcwmYiNeipVuP8akKgRVv,90.22,141,0,100.0
2026-04-01 14:58:02,2f9C9AU8nFRKUub8NHToNiZzcwmYiNeipVuP8akKgRVv,91.08,107,0,100.0
2026-04-01 14:57:50,2f9C9AU8nFRKUub8NHToNiZzcwmYiNeipVuP8akKgRVv,90.78,119,0,100.0
2026-04-01 14:57:39,2f9C9AU8nFRKUub8NHToNiZzcwmYiNeipVuP8akKgRVv,90.25,140,0,100.0
2026-04-01 14:57:27,2f9C9AU8nFRKUub8NHToNiZzcwmYiNeipVuP8akKgRVv,90.0,150,1,100.0
2026-04-01 14:57:16,2f9C9AU8nFRKUub8NHToNiZzcwmYiNeipVuP8akKgRVv,91.2,102,1,100.0
2026-04-01 14:57:05,2f9C9AU8nFRKUub8NHToNiZzcwmYiNeipVuP8akKgRVv,90.25,140,0,100.0
2026-04-01 14:56:54,2f9C9AU8nFRKUub8NHToNiZzcwmYiNeipVuP8akKgRVv,90.62,125,0,100.0
2026-04-01 14:56:43,2f9C9AU8nFRKUub8NHToNiZzcwmYiNeipVuP8akKgRVv,90.35,136,1,100.0
2026-04-01 14:56:32,2f9C9AU8nFRKUub8NHToNiZzcwmYiNeipVuP8akKgRVv,90.7,122,1,100.0
2026-04-01 14:56:21,2f9C9AU8nFRKUub8NHToNiZzcwmYiNeipVuP8akKgRVv,90.0,150,1,100.0
2026-04-01 14:56:10,2f9C9AU8nFRKUub8NHToNiZzcwmYiNeipVuP8akKgRVv,90.4,134,1,100.0
2026-04-01 14:55:59,2f9C9AU8nFRKUub8NHToNiZzcwmYiNeipVuP8akKgRVv,90.12,145,0,100.0
2026-04-01 14:55:48,2f9C9AU8nFRKUub8NHToNiZzcwmYiNeipVuP8akKgRVv,90.42,133,1,100.0
2026-04-01 14:55:37,2f9C9AU8nFRKUub8NHToNiZzcwmYiNeipVuP8akKgRVv,90.9,114,0,100.0
2026-04-01 14:55:25,2f9C9AU8nFRKUub8NHToNiZzcwmYiNeipVuP8akKgRVv,91.25,100,0,100.0
2026-04-01 14:55:13,2f9C9AU8nFRKUub8NHToNiZzcwmYiNeipVuP8akKgRVv,90.3,138,0,100.0
2026-04-01 14:55:02,2f9C9AU8nFRKUub8NHToNiZzcwmYiNeipVuP8akKgRVv,91.15,104,0,100.0
2026-04-01 14:54:51,2f9C9AU8nFRKUub8NHToNiZzcwmYiNeipVuP8akKgRVv,90.4,134,1,100.0
2026-04-01 14:54:39,2f9C9AU8nFRKUub8NHToNiZzcwmYiNeipVuP8akKgRVv,90.35,136,1,100.0
2026-04-01 14:54:28,2f9C9AU8nFRKUub8NHToNiZzcwmYiNeipVuP8akKgRVv,91.08,107,0,100.0
2026-04-01 14:54:17,2f9C9AU8nFRKUub8NHToNiZzcwmYiNeipVuP8akKgRVv,90.75,120,0,100.0
2026-04-01 15:12:42,8KfPgKfeTp1Pyw1utAoek5bTDqMCt6a3oWrYKn2bETZb,90.03,149,0,100.0
2026-04-01 15:12:31,8KfPgKfeTp1Pyw1utAoek5bTDqMCt6a3oWrYKn2bETZb,91.12,105,0,100.0
2026-04-01 15:12:20,8KfPgKfeTp1Pyw1utAoek5bTDqMCt6a3oWrYKn2bETZb,90.55,128,0,100.0
2026-04-01 15:12:09,8KfPgKfeTp1Pyw1utAoek5bTDqMCt6a3oWrYKn2bETZb,90.2,142,1,100.0
2026-04-01 15:11:58,8KfPgKfeTp1Pyw1utAoek5bTDqMCt6a3oWrYKn2bETZb,90.33,137,0,100.0
2026-04-01 15:11:46,8KfPgKfeTp1Pyw1utAoek5bTDqMCt6a3oWrYKn2bETZb,90.78,119,1,100.0
2026-04-01 15:11:35,8KfPgKfeTp1Pyw1utAoek5bTDqMCt6a3oWrYKn2bETZb,90.72,121,1,100.0
2026-04-01 15:11:24,8KfPgKfeTp1Pyw1utAoek5bTDqMCt6a3oWrYKn2bETZb,90.25,140,0,100.0
2026-04-01 15:11:13,8KfPgKfeTp1Pyw1utAoek5bTDqMCt6a3oWrYKn2bETZb,90.97,111,0,100.0
2026-04-01 15:11:02,8KfPgKfeTp1Pyw1utAoek5bTDqMCt6a3oWrYKn2bETZb,91.05,108,0,100.0
2026-04-01 15:10:50,8KfPgKfeTp1Pyw1utAoek5bTDqMCt6a3oWrYKn2bETZb,90.67,123,0,100.0
2026-04-01 15:10:39,8KfPgKfeTp1Pyw1utAoek5bTDqMCt6a3oWrYKn2bETZb,90.6,126,0,100.0
2026-04-01 15:10:28,8KfPgKfeTp1Pyw1utAoek5bTDqMCt6a3oWrYKn2bETZb,90.0,150,1,100.0
2026-04-01 15:10:17,8KfPgKfeTp1Pyw1utAoek5bTDqMCt6a3oWrYKn2bETZb,90.85,116,1,100.0
2026-04-01 15:10:06,8KfPgKfeTp1Pyw1utAoek5bTDqMCt6a3oWrYKn2bETZb,90.5,130,1,100.0
2026-04-01 15:09:55,8KfPgKfeTp1Pyw1utAoek5bTDqMCt6a3oWrYKn2bETZb,90.42,133,0,100.0
2026-04-01 15:09:44,8KfPgKfeTp1Pyw1utAoek5bTDqMCt6a3oWrYKn2bETZb,90.2,142,0,100.0
2026-04-01 15:09:32,8KfPgKfeTp1Pyw1utAoek5bTDqMCt6a3oWrYKn2bETZb,90.47,131,0,100.0
2026-04-01 15:09:21,8KfPgKfeTp1Pyw1utAoek5bTDqMCt6a3oWrYKn2bETZb,90.03,149,1,100.0
2026-04-01 15:09:10,8KfPgKfeTp1Pyw1utAoek5bTDqMCt6a3oWrYKn2bETZb,90.12,145,1,100.0
2026-04-01 15:08:59,8KfPgKfeTp1Pyw1utAoek5bTDqMCt6a3oWrYKn2bETZb,90.83,117,0,100.0
2026-04-01 15:08:48,8KfPgKfeTp1Pyw1utAoek5bTDqMCt6a3oWrYKn2bETZb,90.47,131,0,100.0
2026-04-01 15:08:37,8KfPgKfeTp1Pyw1utAoek5bTDqMCt6a3oWrYKn2bETZb,90.97,111,0,100.0
2026-04-01 15:08:26,8KfPgKfeTp1Pyw1utAoek5bTDqMCt6a3oWrYKn2bETZb,90.85,116,1,100.0
2026-04-01 15:08:15,8KfPgKfeTp1Pyw1utAoek5bTDqMCt6a3oWrYKn2bETZb,91.25,100,0,100.0
2026-04-01 15:08:04,8KfPgKfeTp1Pyw1utAoek5bTDqMCt6a3oWrYKn2bETZb,90.17,143,1,100.0
2026-04-01 15:07:53,8KfPgKfeTp1Pyw1utAoek5bTDqMCt6a3oWrYKn2bETZb,90.25,140,1,100.0
2026-04-01 15:07:43,8KfPgKfeTp1Pyw1utAoek5bTDqMCt6a3oWrYKn2bETZb,91.25,100,0,100.0
2026-04-01 15:07:31,8KfPgKfeTp1Pyw1utAoek5bTDqMCt6a3oWrYKn2bETZb,90.7,122,0,100.0
2026-04-01 15:07:20,8KfPgKfeTp1Pyw1utAoek5bTDqMCt6a3oWrYKn2bETZb,90.47,131,0,100.0
2026-04-01 15:07:09,8KfPgKfeTp1Pyw1utAoek5bTDqMCt6a3oWrYKn2bETZb,90.38,135,0,100.0
2026-04-01 15:06:58,8KfPgKfeTp1Pyw1utAoek5bTDqMCt6a3oWrYKn2bETZb,90.17,143,0,100.0
2026-04-01 15:06:47,8KfPgKfeTp1Pyw1utAoek5bTDqMCt6a3oWrYKn2bETZb,90.7,122,0,100.0
2026-04-01 15:06:36,8KfPgKfeTp1Pyw1utAoek5bTDqMCt6a3oWrYKn2bETZb,90.58,127,1,100.0
2026-04-01 15:06:25,8KfPgKfeTp1Pyw1utAoek5bTDqMCt6a3oWrYKn2bETZb,90.35,136,0,100.0
2026-04-01 15:06:14,8KfPgKfeTp1Pyw1utAoek5bTDqMCt6a3oWrYKn2bETZb,90.78,119,1,100.0
2026-04-01 15:06:03,8KfPgKfeTp1Pyw1utAoek5bTDqMCt6a3oWrYKn2bETZb,90.72,121,1,100.0
2026-04-01 15:05:52,8KfPgKfeTp1Pyw1utAoek5bTDqMCt6a3oWrYKn2bETZb,90.28,139,1,100.0
2026-04-01 15:05:41,8KfPgKfeTp1Pyw1utAoek5bTDqMCt6a3oWrYKn2bETZb,90.5,130,0,100.0
2026-04-01 15:05:30,8KfPgKfeTp1Pyw1utAoek5bTDqMCt6a3oWrYKn2bETZb,90.0,150,0,100.0
2026-04-01 15:05:19,8KfPgKfeTp1Pyw1utAoek5bTDqMCt6a3oWrYKn2bETZb,90.28,139,0,100.0
2026-04-01 15:05:07,8KfPgKfeTp1Pyw1utAoek5bTDqMCt6a3oWrYKn2bETZb,90.3,138,0,100.0
2026-04-01 15:04:56,8KfPgKfeTp1Pyw1utAoek5bTDqMCt6a3oWrYKn2bETZb,91.03,109,0,100.0
2026-04-01 15:04:45,8KfPgKfeTp1Pyw1utAoek5bTDqMCt6a3oWrYKn2bETZb,91.1,106,0,100.0
2026-04-01 15:04:34,8KfPgKfeTp1Pyw1utAoek5bTDqMCt6a3oWrYKn2bETZb,91.03,109,0,100.0
2026-04-01 15:04:23,8KfPgKfeTp1Pyw1utAoek5bTDqMCt6a3oWrYKn2bETZb,90.3,138,0,100.0
2026-04-01 15:04:12,8KfPgKfeTp1Pyw1utAoek5bTDqMCt6a3oWrYKn2bETZb,91.05,108,1,100.0
2026-04-01 15:04:01,8KfPgKfeTp1Pyw1utAoek5bTDqMCt6a3oWrYKn2bETZb,91.05,108,0,100.0
2026-04-01 15:03:49,8KfPgKfeTp1Pyw1utAoek5bTDqMCt6a3oWrYKn2bETZb,90.38,135,0,100.0
2026-04-01 15:03:38,8KfPgKfeTp1Pyw1utAoek5bTDqMCt6a3oWrYKn2bETZb,90.33,137,0,100.0
2026-04-01 15:03:27,8KfPgKfeTp1Pyw1utAoek5bTDqMCt6a3oWrYKn2bETZb,90.62,125,1,100.0
2026-04-01 15:03:16,8KfPgKfeTp1Pyw1utAoek5bTDqMCt6a3oWrYKn2bETZb,91.03,109,0,100.0
2026-04-01 15:03:05,8KfPgKfeTp1Pyw1utAoek5bTDqMCt6a3oWrYKn2bETZb,90.42,133,0,100.0
2026-04-01 15:02:54,8KfPgKfeTp1Pyw1utAoek5bTDqMCt6a3oWrYKn2bETZb,90.33,137,1,100.0
2026-04-01 15:02:42,8KfPgKfeTp1Pyw1utAoek5bTDqMCt6a3oWrYKn2bETZb,91.25,100,0,100.0
2026-04-01 15:02:31,8KfPgKfeTp1Pyw1utAoek5bTDqMCt6a3oWrYKn2bETZb,91.05,108,1,100.0
2026-04-01 15:02:20,8KfPgKfeTp1Pyw1utAoek5bTDqMCt6a3oWrYKn2bETZb,90.62,125,0,100.0
2026-04-01 15:02:09,8KfPgKfeTp1Pyw1utAoek5bTDqMCt6a3oWrYKn2bETZb,90.8,118,1,100.0
2026-04-01 15:01:57,8KfPgKfeTp1Pyw1utAoek5bTDqMCt6a3oWrYKn2bETZb,90.67,123,0,100.0
2026-04-01 15:01:46,8KfPgKfeTp1Pyw1utAoek5bTDqMCt6a3oWrYKn2bETZb,90.03,149,1,100.0
2026-04-01 15:01:35,8KfPgKfeTp1Pyw1utAoek5bTDqMCt6a3oWrYKn2bETZb,90.47,131,0,100.0
2026-04-01 15:01:24,8KfPgKfeTp1Pyw1utAoek5bTDqMCt6a3oWrYKn2bETZb,90.9,114,0,100.0
2026-04-01 15:01:13,8KfPgKfeTp1Pyw1utAoek5bTDqMCt6a3oWrYKn2bETZb,90.47,131,1,100.0
2026-04-01 15:01:02,8KfPgKfeTp1Pyw1utAoek5bTDqMCt6a3oWrYKn2bETZb,91.08,107,0,100.0
2026-04-01 15:00:51,8KfPgKfeTp1Pyw1utAoek5bTDqMCt6a3oWrYKn2bETZb,91.25,100,0,100.0
2026-04-01 15:00:39,8KfPgKfeTp1Pyw1utAoek5bTDqMCt6a3oWrYKn2bETZb,90.58,127,1,100.0
2026-04-01 15:00:28,8KfPgKfeTp1Pyw1utAoek5bTDqMCt6a3oWrYKn2bETZb,90.75,120,0,100.0
2026-04-01 15:00:17,8KfPgKfeTp1Pyw1utAoek5bTDqMCt6a3oWrYKn2bETZb,90.4,134,0,100.0
2026-04-01 15:00:06,8KfPgKfeTp1Pyw1utAoek5bTDqMCt6a3oWrYKn2bETZb,90.55,128,0,100.0
2026-04-01 14:59:55,8KfPgKfeTp1Pyw1utAoek5bTDqMCt6a3oWrYKn2bETZb,90.12,145,1,100.0
2026-04-01 14:59:43,8KfPgKfeTp1Pyw1utAoek5bTDqMCt6a3oWrYKn2bETZb,90.83,117,0,100.0
2026-04-01 14:59:32,8KfPgKfeTp1Pyw1utAoek5bTDqMCt6a3oWrYKn2bETZb,90.15,144,0,100.0
2026-04-01 14:59:21,8KfPgKfeTp1Pyw1utAoek5bTDqMCt6a3oWrYKn2bETZb,90.5,130,0,100.0
2026-04-01 14:59:10,8KfPgKfeTp1Pyw1utAoek5bTDqMCt6a3oWrYKn2bETZb,90.22,141,0,100.0
2026-04-01 14:58:59,8KfPgKfeTp1Pyw1utAoek5bTDqMCt6a3oWrYKn2bETZb,90.65,124,1,100.0
2026-04-01 14:58:48,8KfPgKfeTp1Pyw1utAoek5bTDqMCt6a3oWrYKn2bETZb,90.88,115,0,100.0
2026-04-01 14:58:37,8KfPgKfeTp1Pyw1utAoek5bTDqMCt6a3oWrYKn2bETZb,90.92,113,1,100.0
2026-04-01 14:58:25,8KfPgKfeTp1Pyw1utAoek5bTDqMCt6a3oWrYKn2bETZb,90.03,149,0,100.0
2026-04-01 14:58:14,8KfPgKfeTp1Pyw1utAoek5bTDqMCt6a3oWrYKn2bETZb,91.03,109,0,100.0
2026-04-01 14:58:02,8KfPgKfeTp1Pyw1utAoek5bTDqMCt6a3oWrYKn2bETZb,90.28,139,0,100.0
2026-04-01 14:57:50,8KfPgKfeTp1Pyw1utAoek5bTDqMCt6a3oWrYKn2bETZb,91.1,106,0,100.0
2026-04-01 14:57:39,8KfPgKfeTp1Pyw1utAoek5bTDqMCt6a3oWrYKn2bETZb,91.0,110,0,100.0
2026-04-01 14:57:27,8KfPgKfeTp1Pyw1utAoek5bTDqMCt6a3oWrYKn2bETZb,90.75,120,1,100.0
2026-04-01 14:57:16,8KfPgKfeTp1Pyw1utAoek5bTDqMCt6a3oWrYKn2bETZb,90.8,118,1,100.0
2026-04-01 14:57:05,8KfPgKfeTp1Pyw1utAoek5bTDqMCt6a3oWrYKn2bETZb,90.53,129,0,100.0
2026-04-01 14:56:54,8KfPgKfeTp1Pyw1utAoek5bTDqMCt6a3oWrYKn2bETZb,90.42,133,0,100.0
2026-04-01 14:56:43,8KfPgKfeTp1Pyw1utAoek5bTDqMCt6a3oWrYKn2bETZb,90.3,138,1,100.0
2026-04-01 14:56:32,8KfPgKfeTp1Pyw1utAoek5bTDqMCt6a3oWrYKn2bETZb,90.25,140,1,100.0
2026-04-01 14:56:21,8KfPgKfeTp1Pyw1utAoek5bTDqMCt6a3oWrYKn2bETZb,90.28,139,1,100.0
2026-04-01 14:56:10,8KfPgKfeTp1Pyw1utAoek5bTDqMCt6a3oWrYKn2bETZb,90.08,147,1,100.0
2026-04-01 14:55:59,8KfPgKfeTp1Pyw1utAoek5bTDqMCt6a3oWrYKn2bETZb,90.08,147,0,100.0
2026-04-01 14:55:48,8KfPgKfeTp1Pyw1utAoek5bTDqMCt6a3oWrYKn2bETZb,90.1,146,1,100.0
2026-04-01 14:55:37,8KfPgKfeTp1Pyw1utAoek5bTDqMCt6a3oWrYKn2bETZb,90.62,125,0,100.0
2026-04-01 14:55:25,8KfPgKfeTp1Pyw1utAoek5bTDqMCt6a3oWrYKn2bETZb,90.28,139,0,100.0
2026-04-01 14:55:13,8KfPgKfeTp1Pyw1utAoek5bTDqMCt6a3oWrYKn2bETZb,90.2,142,0,100.0
2026-04-01 14:55:02,8KfPgKfeTp1Pyw1utAoek5bTDqMCt6a3oWrYKn2bETZb,90.53,129,0,100.0
2026-04-01 14:54:51,8KfPgKfeTp1Pyw1utAoek5bTDqMCt6a3oWrYKn2bETZb,90.22,141,1,100.0
2026-04-01 14:54:39,8KfPgKfeTp1Pyw1utAoek5bTDqMCt6a3oWrYKn2bETZb,90.72,121,1,100.0
2026-04-01 14:54:28,8KfPgKfeTp1Pyw1utAoek5bTDqMCt6a3oWrYKn2bETZb,90.2,142,0,100.0
2026-04-01 14:54:17,8KfPgKfeTp1Pyw1utAoek5bTDqMCt6a3oWrYKn2bETZb,90.03,149,0,100.0
